﻿Designator,Quantity,Value,Footprint,Package,MPN,DNP,Mount_Type,Description,LCSC Link,LCSC Part#
J1,1,Output,PinHeader_1x09_P2.54mm_Vertical,,,Yes,tht,"Generic connector, single row, 01x09, script generated (kicad-library-utils/schlib/autogen/connector/)",,
J2,1,Input,PinHeader_1x09_P2.54mm_Vertical,,,Yes,tht,"Generic connector, single row, 01x09, script generated (kicad-library-utils/schlib/autogen/connector/)",,
"R1, R19, R2, R20, R37, R38",6,1.6kΩ,R_0402_1005Metric,,,,smt,"Resistor, US symbol",https://www.lcsc.com/product-detail/Chip-Resistor-Surface-Mount_FOJAN-FRC0402J162-TS_C2906881.html,C2906881
"R10, R11, R12, R13, R14, R15, R16, R17, R18, R21, R22, R23, R24, R25, R26, R27, R28, R29, R3, R30, R31, R32, R33, R34, R35, R36, R39, R4, R40, R41, R42, R43, R44, R45, R46, R47, R48, R49, R5, R50, R51, R52, R53, R54, R6, R7, R8, R9",48,47Ω,R_0402_1005Metric,,,,smt,"Resistor, US symbol",https://www.lcsc.com/product-detail/Chip-Resistor-Surface-Mount_PANASONIC-ERJ2GEJ470X_C400522.html,C400522
SW1,1,~,PB86,,,Yes,tht,LED/DPST Combo,,
SW10,1,~,PB86,,,Yes,tht,LED/DPST Combo,,
SW11,1,~,PB86,,,Yes,tht,LED/DPST Combo,,
SW12,1,~,PB86,,,Yes,tht,LED/DPST Combo,,
SW13,1,~,PB86,,,Yes,tht,LED/DPST Combo,,
SW14,1,~,PB86,,,Yes,tht,LED/DPST Combo,,
SW15,1,~,PB86,,,Yes,tht,LED/DPST Combo,,
SW16,1,~,PB86,,,Yes,tht,LED/DPST Combo,,
SW17,1,~,PB86,,,Yes,tht,LED/DPST Combo,,
SW18,1,~,PB86,,,Yes,tht,LED/DPST Combo,,
SW19,1,~,PB86,,,Yes,tht,LED/DPST Combo,,
SW2,1,~,PB86,,,Yes,tht,LED/DPST Combo,,
SW20,1,~,PB86,,,Yes,tht,LED/DPST Combo,,
SW21,1,~,PB86,,,Yes,tht,LED/DPST Combo,,
SW22,1,~,PB86,,,Yes,tht,LED/DPST Combo,,
SW23,1,~,PB86,,,Yes,tht,LED/DPST Combo,,
SW24,1,~,PB86,,,Yes,tht,LED/DPST Combo,,
SW25,1,~,PB86,,,Yes,tht,LED/DPST Combo,,
SW26,1,~,PB86,,,Yes,tht,LED/DPST Combo,,
SW27,1,~,PB86,,,Yes,tht,LED/DPST Combo,,
SW28,1,~,PB86,,,Yes,tht,LED/DPST Combo,,
SW29,1,~,PB86,,,Yes,tht,LED/DPST Combo,,
SW3,1,~,PB86,,,Yes,tht,LED/DPST Combo,,
SW30,1,~,PB86,,,Yes,tht,LED/DPST Combo,,
SW31,1,~,PB86,,,Yes,tht,LED/DPST Combo,,
SW32,1,~,PB86,,,Yes,tht,LED/DPST Combo,,
SW33,1,~,PB86,,,Yes,tht,LED/DPST Combo,,
SW34,1,~,PB86,,,Yes,tht,LED/DPST Combo,,
SW35,1,~,PB86,,,Yes,tht,LED/DPST Combo,,
SW36,1,~,PB86,,,Yes,tht,LED/DPST Combo,,
SW37,1,~,PB86,,,Yes,tht,LED/DPST Combo,,
SW38,1,~,PB86,,,Yes,tht,LED/DPST Combo,,
SW39,1,~,PB86,,,Yes,tht,LED/DPST Combo,,
SW4,1,~,PB86,,,Yes,tht,LED/DPST Combo,,
SW40,1,~,PB86,,,Yes,tht,LED/DPST Combo,,
SW41,1,~,PB86,,,Yes,tht,LED/DPST Combo,,
SW42,1,~,PB86,,,Yes,tht,LED/DPST Combo,,
SW43,1,~,PB86,,,Yes,tht,LED/DPST Combo,,
SW44,1,~,PB86,,,Yes,tht,LED/DPST Combo,,
SW45,1,~,PB86,,,Yes,tht,LED/DPST Combo,,
SW46,1,~,PB86,,,Yes,tht,LED/DPST Combo,,
SW47,1,~,PB86,,,Yes,tht,LED/DPST Combo,,
SW48,1,~,PB86,,,Yes,tht,LED/DPST Combo,,
SW5,1,~,PB86,,,Yes,tht,LED/DPST Combo,,
SW6,1,~,PB86,,,Yes,tht,LED/DPST Combo,,
SW7,1,~,PB86,,,Yes,tht,LED/DPST Combo,,
SW8,1,~,PB86,,,Yes,tht,LED/DPST Combo,,
SW9,1,~,PB86,,,Yes,tht,LED/DPST Combo,,
"U1, U10, U3, U5, U6, U9",6,74HC165,SOIC-16_3.9x9.9mm_P1.27mm,,,,smt,"Shift Register, 8-bit, Parallel Load",https://www.lcsc.com/product-detail/Shift-Registers_Nexperia-74HC165D-653_C5613.html?s_z=n_74HC165,C5613
"U11, U12, U2, U4, U7, U8",6,TLC5917QDRQ1,SOIC-16_3.9x9.9mm_P1.27mm,,,,smt,8-Channel Constant-Current LED Sink Driver,https://www.lcsc.com/product-detail/LED-Drivers_Texas-Instruments-TLC5917QDRQ1_C2870661.html?s_z=n_TLC5917,C2870661
